State,District,FY 2009 Regular Appropriation,Recovery Act Allocation,Total Allocation (Regular + Recovery),Max Expenditures for Supplemental Education Services,Max Per-Child Expenditure for Supplemental Educational Services
Vermont,BELVIDERE SCHOOL DISTRICT,$0 ,$0.00 ,$0.00 ,$0.00 ,$0.00 
Vermont,VICTORY SCHOOL DISTRICT,$0 ,$0.00 ,$0.00 ,$0.00 ,$0.00 
Vermont,BOLTON SCHOOL DISTRICT,$0 ,$0.00 ,$0.00 ,$0.00 ,$0.00 
Vermont,FAYSTON SCHOOL DISTRICT,$0 ,$0.00 ,$0.00 ,$0.00 ,$0.00 
Vermont,ISLE LA MOTTE SCHOOL DISTRICT,$0 ,$0.00 ,$0.00 ,$0.00 ,$0.00 
Vermont,SHREWSBURY SCHOOL DISTRICT,$0 ,$0.00 ,$0.00 ,$0.00 ,$0.00 
Vermont,JAMAICA SCHOOL DISTRICT,$0 ,$0.00 ,$0.00 ,$0.00 ,$0.00 
Vermont,WINDHAM SCHOOL DISTRICT,$0 ,$0.00 ,$0.00 ,$0.00 ,$0.00 
Vermont,SANDGATE SCHOOL DISTRICT,"$3,580 ",$0.00 ,"$3,580.00 ",$716.00 ,$397.76 
Vermont,SEARSBURG SCHOOL DISTRICT,$0 ,$0.00 ,$0.00 ,$0.00 ,$0.00 
Vermont,EDEN SCHOOL DISTRICT,"$100,055 ","$76,536.00 ","$176,590.00 ","$35,318.00 ","$6,306.79 "
Vermont,ADDISON SCHOOL DISTRICT,"$38,048 ","$31,136.00 ","$69,184.00 ","$13,837.00 ","$5,321.81 "
Vermont,ALBANY SCHOOL DISTRICT,"$67,791 ","$51,777.00 ","$119,568.00 ","$23,914.00 ","$6,293.05 "
Vermont,ALBURG SCHOOL DISTRICT,"$223,985 ","$144,861.00 ","$368,846.00 ","$73,769.00 ","$6,470.97 "
Vermont,ARLINGTON SCHOOL DISTRICT,"$87,802 ","$74,247.00 ","$162,049.00 ","$32,410.00 ","$5,787.48 "
Vermont,ATHENS/GRAFTON JOINT CONTRACT SCHOOL DISTRICT,$0 ,$0.00 ,$0.00 ,$0.00 ,$0.00 
Vermont,AVERILL SCHOOL DISTRICT,$0 ,$0.00 ,$0.00 ,$0.00 ,$0.00 
Vermont,AVERY'S GORE SCHOOL DISTRICT,$0 ,$0.00 ,$0.00 ,$0.00 ,$0.00 
Vermont,BAKERSFIELD SCHOOL DISTRICT,"$76,095 ","$62,272.00 ","$138,367.00 ","$27,673.00 ","$5,765.29 "
Vermont,BALTIMORE SCHOOL DISTRICT,$0 ,$0.00 ,$0.00 ,$0.00 ,$0.00 
Vermont,BARNARD SCHOOL DISTRICT,"$29,267 ","$23,951.00 ","$53,218.00 ","$10,644.00 ","$5,321.81 "
Vermont,BARNET SCHOOL DISTRICT,"$158,568 ","$114,120.00 ","$272,688.00 ","$54,538.00 ","$5,801.87 "
Vermont,BARRE CITY SCHOOL DISTRICT,"$435,453 ","$320,940.00 ","$756,393.00 ","$151,279.00 ","$5,644.72 "
Vermont,BARRE TOWN SCHOOL DISTRICT,"$225,359 ","$191,606.00 ","$416,965.00 ","$83,393.00 ","$6,042.96 "
Vermont,BARSTOW JOINT CONTRACT SCHOOL DISTRICT,"$52,681 ","$40,716.00 ","$93,397.00 ","$18,679.00 ","$5,493.97 "
Vermont,BARTON ID SCHOOL DISTRICT,"$212,584 ","$181,486.00 ","$394,069.00 ","$78,814.00 ","$7,164.90 "
Vermont,BELLOWS FALLS UHSD 27,"$190,238 ","$150,890.00 ","$341,127.00 ","$68,225.00 ","$6,560.14 "
Vermont,BELLOWS FREE ACADEMY UHSD 38,"$186,355 ","$186,816.00 ","$373,171.00 ","$74,634.00 ","$6,433.98 "
Vermont,BENNINGTON ID SCHOOL DISTRICT,"$1,666,742 ","$1,464,653.00 ","$3,131,395.00 ","$626,279.00 ","$12,043.83 "
Vermont,BENSON SCHOOL DISTRICT,"$55,608 ","$45,506.00 ","$101,114.00 ","$20,223.00 ","$5,321.81 "
Vermont,BERKSHIRE SCHOOL DISTRICT,"$126,768 ","$91,013.00 ","$217,781.00 ","$43,556.00 ","$5,731.08 "
Vermont,BERLIN SCHOOL DISTRICT,"$73,168 ","$59,877.00 ","$133,045.00 ","$26,609.00 ","$5,321.81 "
Vermont,BETHEL SCHOOL DISTRICT,"$99,509 ","$83,828.00 ","$183,337.00 ","$36,667.00 ","$5,914.08 "
Vermont,BLACK RIVER USD 39,"$81,949 ","$64,667.00 ","$146,616.00 ","$29,323.00 ","$5,639.06 "
Vermont,BLOOMFIELD SCHOOL DISTRICT,$0 ,$0.00 ,$0.00 ,$0.00 ,$0.00 
Vermont,BRADFORD ID SCHOOL DISTRICT,"$110,623 ","$76,642.00 ","$187,265.00 ","$37,453.00 ","$6,242.17 "
Vermont,BRAINTREE SCHOOL DISTRICT,"$35,121 ","$28,741.00 ","$63,862.00 ","$12,772.00 ","$5,321.81 "
Vermont,BRANDON SCHOOL DISTRICT,"$125,850 ","$102,988.00 ","$228,838.00 ","$45,768.00 ","$5,448.52 "
Vermont,BRATTLEBORO SCHOOL DISTRICT,"$797,757 ","$584,431.00 ","$1,382,189.00 ","$276,438.00 ","$6,489.15 "
Vermont,BRATTLEBORO UHSD 6,"$420,043 ","$323,335.00 ","$743,378.00 ","$148,676.00 ","$7,663.69 "
Vermont,BRIDGEWATER SCHOOL DISTRICT,"$29,267 ","$23,951.00 ","$53,218.00 ","$10,644.00 ","$5,321.81 "
Vermont,BRIDPORT SCHOOL DISTRICT,"$54,279 ","$33,531.00 ","$87,810.00 ","$17,562.00 ","$6,272.16 "
Vermont,BRIGHTON SCHOOL DISTRICT,"$131,258 ","$121,061.00 ","$252,318.00 ","$50,464.00 ","$7,421.12 "
Vermont,BRISTOL SCHOOL DISTRICT,"$170,507 ","$122,149.00 ","$292,656.00 ","$58,531.00 ","$5,853.12 "
Vermont,BROOKFIELD SCHOOL DISTRICT,$0 ,$0.00 ,$0.00 ,$0.00 ,$0.00 
Vermont,BROOKLINE SCHOOL DISTRICT,$0 ,$0.00 ,$0.00 ,$0.00 ,$0.00 
Vermont,BROWNINGTON SCHOOL DISTRICT,"$114,893 ","$96,506.00 ","$211,399.00 ","$42,280.00 ","$7,289.61 "
Vermont,BRUNSWICK SCHOOL DISTRICT,$0 ,$0.00 ,$0.00 ,$0.00 ,$0.00 
Vermont,BUEL'S GORE SCHOOL DISTRICT,$0 ,$0.00 ,$0.00 ,$0.00 ,$0.00 
Vermont,BURKE SCHOOL DISTRICT,"$134,739 ","$99,532.00 ","$234,271.00 ","$46,854.00 ","$6,165.03 "
Vermont,BURLINGTON SCHOOL DISTRICT,"$2,536,062 ","$1,860,560.00 ","$4,396,622.00 ","$879,324.00 ","$7,079.91 "
Vermont,CABOT SCHOOL DISTRICT,"$55,608 ","$45,506.00 ","$101,114.00 ","$20,223.00 ","$5,321.81 "
Vermont,CALAIS SCHOOL DISTRICT,"$38,048 ","$26,346.00 ","$64,393.00 ","$12,879.00 ","$5,853.94 "
Vermont,CAMBRIDGE SCHOOL DISTRICT,"$46,828 ","$38,321.00 ","$85,149.00 ","$17,030.00 ","$5,321.81 "
Vermont,CANAAN SCHOOL DISTRICT,"$122,293 ","$91,423.00 ","$213,716.00 ","$42,743.00 ","$6,106.17 "
Vermont,CASTLETON-HUBBARDTON USD 42,"$79,022 ","$67,062.00 ","$146,084.00 ","$29,217.00 ","$5,410.52 "
Vermont,CAVENDISH SCHOOL DISTRICT,$0 ,$0.00 ,$0.00 ,$0.00 ,$0.00 
Vermont,CHAMPLAIN VALLEY UHSD 15,"$75,719 ",$0.00 ,"$75,719.00 ","$15,144.00 ","$1,720.89 "
Vermont,CHARLESTON SCHOOL DISTRICT,"$85,918 ","$62,279.00 ","$148,196.00 ","$29,639.00 ","$6,736.20 "
Vermont,CHARLOTTE SCHOOL DISTRICT,"$90,729 ","$74,247.00 ","$164,976.00 ","$32,995.00 ","$5,321.81 "
Vermont,CHELSEA SCHOOL DISTRICT,"$107,271 ","$76,642.00 ","$183,913.00 ","$36,783.00 ","$5,932.68 "
Vermont,CHESTER-ANDOVER USD 29,"$105,363 ","$98,198.00 ","$203,561.00 ","$40,712.00 ","$5,654.46 "
Vermont,CHITTENDEN SCHOOL DISTRICT,$0 ,$0.00 ,$0.00 ,$0.00 ,$0.00 
Vermont,CLARENDON SCHOOL DISTRICT,"$76,095 ","$62,272.00 ","$138,367.00 ","$27,673.00 ","$5,321.81 "
Vermont,COLCHESTER SCHOOL DISTRICT,"$541,446 ","$455,064.00 ","$996,510.00 ","$199,302.00 ","$5,760.17 "
Vermont,CONCORD SCHOOL DISTRICT,"$93,971 ","$71,117.00 ","$165,088.00 ","$33,018.00 ","$5,896.01 "
Vermont,CORNWALL SCHOOL DISTRICT,$0 ,$0.00 ,$0.00 ,$0.00 ,$0.00 
Vermont,COVENTRY SCHOOL DISTRICT,"$168,749 ","$153,818.00 ","$322,567.00 ","$64,513.00 ","$7,867.48 "
Vermont,CRAFTSBURY SCHOOL DISTRICT,"$72,502 ","$52,692.00 ","$125,194.00 ","$25,039.00 ","$5,690.64 "
Vermont,CURRIER MEMORIAL USD 23,"$46,828 ","$28,741.00 ","$75,569.00 ","$15,114.00 ","$6,297.39 "
Vermont,DANBY SCHOOL DISTRICT,$0 ,$0.00 ,$0.00 ,$0.00 ,$0.00 
Vermont,DANVILLE SCHOOL DISTRICT,"$137,557 ","$114,964.00 ","$252,520.00 ","$50,504.00 ","$5,611.56 "
Vermont,DERBY SCHOOL DISTRICT,"$178,531 ","$146,099.00 ","$324,630.00 ","$64,926.00 ","$5,321.81 "
Vermont,DORSET SCHOOL DISTRICT,"$46,828 ","$38,321.00 ","$85,149.00 ","$17,030.00 ","$5,321.81 "
Vermont,DOVER SCHOOL DISTRICT,"$116,748 ","$85,674.00 ","$202,421.00 ","$40,484.00 ","$6,133.97 "
Vermont,DUMMERSTON SCHOOL DISTRICT,"$40,974 ","$35,926.00 ","$76,900.00 ","$15,380.00 ","$5,492.89 "
Vermont,DUXBURY/WATERBURY UNION #45,"$102,436 ","$83,828.00 ","$186,263.00 ","$37,253.00 ","$5,478.33 "
Vermont,EAST HAVEN SCHOOL DISTRICT,"$36,136 ","$27,949.00 ","$64,085.00 ","$12,817.00 ","$6,408.48 "
Vermont,EAST MONTPELIER SCHOOL DISTRICT,"$35,121 ","$28,741.00 ","$63,862.00 ","$12,772.00 ","$5,321.81 "
Vermont,ELMORE SCHOOL DISTRICT,"$38,048 ","$31,136.00 ","$69,184.00 ","$13,837.00 ","$5,321.81 "
Vermont,ENOSBURG FALLS ID SCHOOL DISTRICT,"$196,091 ","$158,075.00 ","$354,166.00 ","$70,833.00 ","$5,806.00 "
Vermont,ESSEX COMMUNITY EDUCATION CENTER,"$178,531 ","$148,495.00 ","$327,025.00 ","$65,405.00 ","$7,109.25 "
Vermont,ESSEX JUNCTION ID SCHOOL DISTRICT,"$76,233 ",$0.00 ,"$76,233.00 ","$15,247.00 ","$1,361.30 "
Vermont,ESSEX TOWN SCHOOL DISTRICT,"$73,605 ",$0.00 ,"$73,605.00 ","$14,721.00 ","$1,472.11 "
Vermont,FAIR HAVEN SCHOOL DISTRICT,"$225,366 ","$168,125.00 ","$393,491.00 ","$78,698.00 ","$6,148.29 "
Vermont,FAIR HAVEN UHSD 16,"$227,189 ","$164,434.00 ","$391,624.00 ","$78,325.00 ","$7,120.43 "
Vermont,FAIRFAX SCHOOL DISTRICT,"$152,190 ","$117,359.00 ","$269,549.00 ","$53,910.00 ","$5,859.76 "
Vermont,FAIRFIELD SCHOOL DISTRICT,"$125,850 ","$95,803.00 ","$221,653.00 ","$44,331.00 ","$5,683.40 "
Vermont,FERDINAND SCHOOL DISTRICT,$0 ,$0.00 ,$0.00 ,$0.00 ,$0.00 
Vermont,FERRISBURG SCHOOL DISTRICT,"$55,608 ","$47,901.00 ","$103,509.00 ","$20,702.00 ","$6,469.34 "
Vermont,FLETCHER SCHOOL DISTRICT,"$61,461 ","$45,506.00 ","$106,968.00 ","$21,394.00 ","$5,942.66 "
Vermont,FLOOD BROOK USD 20,"$76,095 ","$59,877.00 ","$135,972.00 ","$27,194.00 ","$5,438.88 "
Vermont,FRANKLIN SCHOOL DISTRICT,"$35,121 ","$28,741.00 ","$63,862.00 ","$12,772.00 ","$5,321.81 "
Vermont,GEORGIA SCHOOL DISTRICT,"$149,264 ","$126,939.00 ","$276,202.00 ","$55,240.00 ","$5,636.78 "
Vermont,GLASTENBURY SCHOOL DISTRICT,$0 ,$0.00 ,$0.00 ,$0.00 ,$0.00 
Vermont,GLOVER SCHOOL DISTRICT,"$54,806 ","$36,223.00 ","$91,029.00 ","$18,206.00 ","$6,068.61 "
Vermont,GOSHEN SCHOOL DISTRICT,$0 ,$0.00 ,$0.00 ,$0.00 ,$0.00 
Vermont,GRANBY SCHOOL DISTRICT,$0 ,$0.00 ,$0.00 ,$0.00 ,$0.00 
Vermont,GRAND ISLE SCHOOL DISTRICT,"$55,608 ","$45,506.00 ","$101,114.00 ","$20,223.00 ","$5,617.47 "
Vermont,GRANVILLE SCHOOL DISTRICT,"$1,046 ",$0.00 ,"$1,046.00 ",$209.00 ,$522.81 
Vermont,GRANVILLE/HANCOCK JOINT CONTRACT SCHOOL DISTRICT,"$2,026 ",$0.00 ,"$2,026.00 ",$405.00 ,$337.73 
Vermont,GREEN MOUNTAIN UHSD 35,"$90,729 ","$74,247.00 ","$164,976.00 ","$32,995.00 ","$5,499.20 "
Vermont,GUILDHALL SCHOOL DISTRICT,$0 ,$0.00 ,$0.00 ,$0.00 ,$0.00 
Vermont,GUILFORD SCHOOL DISTRICT,"$84,875 ","$69,457.00 ","$154,332.00 ","$30,866.00 ","$5,321.81 "
Vermont,HALIFAX SCHOOL DISTRICT,"$85,584 ","$72,016.00 ","$157,600.00 ","$31,520.00 ","$6,566.66 "
Vermont,HANCOCK SCHOOL DISTRICT,$0 ,$0.00 ,$0.00 ,$0.00 ,$0.00 
Vermont,HARDWICK SCHOOL DISTRICT,"$190,680 ","$142,534.00 ","$333,214.00 ","$66,643.00 ","$6,058.44 "
Vermont,HARTFORD SCHOOL DISTRICT,"$474,131 ","$378,422.00 ","$852,553.00 ","$170,511.00 ","$6,003.89 "
Vermont,HARTLAND SCHOOL DISTRICT,"$24,503 ",$0.00 ,"$24,503.00 ","$4,901.00 ","$1,531.46 "
Vermont,HARWOOD UHSD 19,"$128,776 ","$102,988.00 ","$231,765.00 ","$46,353.00 ","$5,794.11 "
Vermont,HAZEN UHSD 26,"$143,410 ","$114,964.00 ","$258,374.00 ","$51,675.00 ","$6,459.34 "
Vermont,HIGHGATE SCHOOL DISTRICT,"$137,557 ","$112,568.00 ","$250,125.00 ","$50,025.00 ","$5,321.81 "
Vermont,HINESBURG SCHOOL DISTRICT,"$36,778 ",$0.00 ,"$36,778.00 ","$7,356.00 ","$1,471.12 "
Vermont,HOLLAND SCHOOL DISTRICT,"$46,931 ","$33,531.00 ","$80,462.00 ","$16,092.00 ","$5,747.28 "
Vermont,HUNTINGTON SCHOOL DISTRICT,"$32,364 ","$26,346.00 ","$58,709.00 ","$11,742.00 ","$5,337.23 "
Vermont,HYDE PARK SCHOOL DISTRICT,"$55,608 ","$45,506.00 ","$101,114.00 ","$20,223.00 ","$5,947.90 "
Vermont,IRA SCHOOL DISTRICT,"$35,121 ","$28,741.00 ","$63,862.00 ","$12,772.00 ","$5,321.81 "
Vermont,IRASBURG SCHOOL DISTRICT,"$49,755 ","$40,716.00 ","$90,471.00 ","$18,094.00 ","$5,321.81 "
Vermont,JAY/WESTFIELD JOINT ELEMENTARY,"$32,194 ","$26,346.00 ","$58,540.00 ","$11,708.00 ","$5,853.99 "
Vermont,JERICHO SCHOOL DISTRICT,"$52,681 ","$43,111.00 ","$95,793.00 ","$19,159.00 ","$5,321.81 "
Vermont,JOHNSON SCHOOL DISTRICT,"$175,964 ","$128,644.00 ","$304,608.00 ","$60,922.00 ","$6,621.92 "
Vermont,KIRBY SCHOOL DISTRICT,"$43,950 ","$31,704.00 ","$75,654.00 ","$15,131.00 ","$5,819.51 "
Vermont,LAKE REGION UHSD 24,"$203,513 ","$153,967.00 ","$357,480.00 ","$71,496.00 ","$6,499.63 "
Vermont,LAKEVIEW USD 43,"$49,647 ","$33,798.00 ","$83,445.00 ","$16,689.00 ","$6,418.83 "
Vermont,LAMOILLE UHSD 18,"$251,699 ","$217,952.00 ","$469,651.00 ","$93,930.00 ","$6,179.62 "
Vermont,LEICESTER SCHOOL DISTRICT,"$57,309 ","$41,208.00 ","$98,517.00 ","$19,703.00 ","$6,157.33 "
Vermont,LELAND AND GRAY UHSD 34,"$76,095 ","$67,062.00 ","$143,157.00 ","$28,631.00 ","$6,224.23 "
Vermont,LEMINGTON SCHOOL DISTRICT,$0 ,$0.00 ,$0.00 ,$0.00 ,$0.00 
Vermont,LEWIS SCHOOL DISTRICT,$0 ,$0.00 ,$0.00 ,$0.00 ,$0.00 
Vermont,LINCOLN SCHOOL DISTRICT,$0 ,$0.00 ,$0.00 ,$0.00 ,$0.00 
Vermont,LOWELL SCHOOL DISTRICT,"$32,194 ","$26,346.00 ","$58,540.00 ","$11,708.00 ","$5,321.81 "
Vermont,LUDLOW SCHOOL DISTRICT,"$49,755 ","$40,716.00 ","$90,471.00 ","$18,094.00 ","$5,321.81 "
Vermont,LUNENBURG SCHOOL DISTRICT,"$118,034 ","$84,909.00 ","$202,943.00 ","$40,589.00 ","$5,798.37 "
Vermont,LYNDON SCHOOL DISTRICT,"$415,674 ","$311,520.00 ","$727,194.00 ","$145,439.00 ","$6,323.43 "
Vermont,MAIDSTONE SCHOOL DISTRICT,$0 ,$0.00 ,$0.00 ,$0.00 ,$0.00 
Vermont,MANCHESTER SCHOOL DISTRICT,"$99,509 ",$0.00 ,"$99,509.00 ","$19,902.00 ","$3,316.97 "
Vermont,MARLBORO SCHOOL DISTRICT,$0 ,$0.00 ,$0.00 ,$0.00 ,$0.00 
Vermont,MENDON SCHOOL DISTRICT,$0 ,$0.00 ,$0.00 ,$0.00 ,$0.00 
Vermont,METTAWEE COMMUNITY SCHOOL,"$48,608 ","$38,321.00 ","$86,929.00 ","$17,386.00 ","$5,433.09 "
Vermont,MIDDLEBURY ID SCHOOL DISTRICT,"$108,289 ","$86,223.00 ","$194,512.00 ","$38,902.00 ","$5,403.11 "
Vermont,MIDDLEBURY UHSD 3,"$234,139 ","$191,606.00 ","$425,745.00 ","$85,149.00 ","$5,996.41 "
Vermont,MIDDLESEX SCHOOL DISTRICT,"$35,121 ","$28,741.00 ","$63,862.00 ","$12,772.00 ","$5,321.81 "
Vermont,MIDDLETOWN SPRINGS SCHOOL DISTRICT,"$63,046 ","$45,506.00 ","$108,552.00 ","$21,710.00 ","$6,030.69 "
Vermont,MILL RIVER USD 40,"$105,363 ","$83,828.00 ","$189,190.00 ","$37,838.00 ","$5,733.03 "
Vermont,MILLERS RUN USD 37,"$163,061 ","$127,614.00 ","$290,676.00 ","$58,135.00 ","$6,459.46 "
Vermont,MILTON SCHOOL DISTRICT,"$412,670 ","$344,891.00 ","$757,560.00 ","$151,512.00 ","$6,366.05 "
Vermont,MISSISQUOI VALLEY UHSD 7,"$436,483 ","$316,150.00 ","$752,633.00 ","$150,527.00 ","$6,544.63 "
Vermont,MONKTON SCHOOL DISTRICT,$0 ,$0.00 ,$0.00 ,$0.00 ,$0.00 
Vermont,MONTGOMERY SCHOOL DISTRICT,"$44,034 ","$38,321.00 ","$82,355.00 ","$16,471.00 ","$5,882.51 "
Vermont,MONTPELIER SCHOOL DISTRICT,"$359,989 ","$289,804.00 ","$649,792.00 ","$129,958.00 ","$5,506.72 "
Vermont,MORETOWN SCHOOL DISTRICT,$0 ,"$23,951.00 ","$23,951.00 ","$4,790.00 ","$2,661.19 "
Vermont,MORGAN SCHOOL DISTRICT,"$80,907 ","$63,643.00 ","$144,550.00 ","$28,910.00 ","$6,570.46 "
Vermont,MORRISTOWN SCHOOL DISTRICT,"$365,842 ","$292,199.00 ","$658,041.00 ","$131,608.00 ","$6,149.92 "
Vermont,MOUNT ABRAHAM UHSD 28,"$184,384 ","$153,285.00 ","$337,669.00 ","$67,534.00 ","$6,253.13 "
Vermont,MOUNT ANTHONY UHSD 14,"$745,617 ","$546,077.00 ","$1,291,694.00 ","$258,339.00 ","$6,556.82 "
Vermont,MOUNT HOLLY SCHOOL DISTRICT,"$38,048 ","$31,136.00 ","$69,184.00 ","$13,837.00 ","$5,321.81 "
Vermont,MOUNT MANSFIELD USD 17,"$117,072 ",$0.00 ,"$117,072.00 ","$23,414.00 ","$1,560.95 "
Vermont,MOUNT TABOR SCHOOL DISTRICT,$0 ,$0.00 ,$0.00 ,$0.00 ,$0.00 
Vermont,NEW HAVEN SCHOOL DISTRICT,$0 ,$0.00 ,$0.00 ,$0.00 ,$0.00 
Vermont,NEWARK SCHOOL DISTRICT,"$53,215 ","$40,411.00 ","$93,626.00 ","$18,725.00 ","$6,241.75 "
Vermont,NEWBURY SCHOOL DISTRICT,"$70,396 ","$50,297.00 ","$120,693.00 ","$24,139.00 ","$5,747.28 "
Vermont,NEWFANE SCHOOL DISTRICT,$0 ,$0.00 ,$0.00 ,$0.00 ,$0.00 
Vermont,NEWPORT CITY SCHOOL DISTRICT,"$404,660 ","$322,263.00 ","$726,923.00 ","$145,385.00 ","$6,669.02 "
Vermont,NEWPORT TOWN SCHOOL DISTRICT,"$107,939 ","$74,247.00 ","$182,186.00 ","$36,437.00 ","$5,876.96 "
Vermont,NORTH BENNINGTON ID SCHOOL DISTRICT,"$81,949 ","$67,062.00 ","$149,011.00 ","$29,802.00 ","$5,321.81 "
Vermont,NORTH COUNTRY SENIOR UHSD 22,"$455,900 ","$342,825.00 ","$798,726.00 ","$159,745.00 ","$7,068.37 "
Vermont,NORTH HERO SCHOOL DISTRICT,"$40,974 ","$33,531.00 ","$74,505.00 ","$14,901.00 ","$5,321.81 "
Vermont,NORTHFIELD SCHOOL DISTRICT,"$131,703 ","$110,173.00 ","$241,877.00 ","$48,375.00 ","$6,046.91 "
Vermont,NORTON SCHOOL DISTRICT,$0 ,$0.00 ,$0.00 ,$0.00 ,$0.00 
Vermont,NORWICH SCHOOL DISTRICT,"$20,419 ",$0.00 ,"$20,419.00 ","$4,084.00 ","$1,458.53 "
Vermont,ORANGE SCHOOL DISTRICT,"$38,048 ","$31,136.00 ","$69,184.00 ","$13,837.00 ","$5,321.81 "
Vermont,ORLEANS ID SCHOOL DISTRICT,"$43,901 ","$35,926.00 ","$79,827.00 ","$15,965.00 ","$5,321.81 "
Vermont,ORWELL SCHOOL DISTRICT,"$85,652 ","$62,272.00 ","$147,924.00 ","$29,585.00 ","$5,689.37 "
Vermont,OTTER VALLEY UHSD 8,"$213,652 ","$172,445.00 ","$386,097.00 ","$77,219.00 ","$6,128.52 "
Vermont,OXBOW UHSD 30,"$131,703 ","$107,778.00 ","$239,481.00 ","$47,896.00 ","$5,701.94 "
Vermont,PAWLET SCHOOL DISTRICT,"$35,121 ","$28,741.00 ","$63,862.00 ","$12,772.00 ","$5,321.81 "
Vermont,PEACHAM SCHOOL DISTRICT,"$38,048 ","$31,136.00 ","$69,184.00 ","$13,837.00 ","$5,321.81 "
Vermont,PITTSFIELD SCHOOL DISTRICT,$0 ,$0.00 ,$0.00 ,$0.00 ,$0.00 
Vermont,PITTSFORD SCHOOL DISTRICT,"$67,315 ","$52,692.00 ","$120,007.00 ","$24,001.00 ","$5,454.84 "
Vermont,PLYMOUTH SCHOOL DISTRICT,$0 ,$0.00 ,$0.00 ,$0.00 ,$0.00 
Vermont,POMFRET SCHOOL DISTRICT,"$29,267 ","$23,951.00 ","$53,218.00 ","$10,644.00 ","$5,321.81 "
Vermont,POULTNEY SCHOOL DISTRICT,"$169,751 ","$141,309.00 ","$311,060.00 ","$62,212.00 ","$5,655.64 "
Vermont,POWNAL SCHOOL DISTRICT,"$158,740 ","$117,359.00 ","$276,099.00 ","$55,220.00 ","$6,274.98 "
Vermont,PROCTOR SCHOOL DISTRICT,"$99,509 ","$83,828.00 ","$183,337.00 ","$36,667.00 ","$5,555.65 "
Vermont,PUTNEY SCHOOL DISTRICT,"$67,315 ","$55,087.00 ","$122,402.00 ","$24,480.00 ","$5,563.71 "
Vermont,RANDOLPH SCHOOL DISTRICT,"$99,509 ","$81,432.00 ","$180,942.00 ","$36,188.00 ","$5,321.81 "
Vermont,RANDOLPH UHSD 2,"$175,604 ","$138,914.00 ","$314,518.00 ","$62,904.00 ","$5,824.42 "
Vermont,READING SCHOOL DISTRICT,$0 ,$0.00 ,$0.00 ,$0.00 ,$0.00 
Vermont,READSBORO SCHOOL DISTRICT,"$40,974 ","$33,531.00 ","$74,505.00 ","$14,901.00 ","$5,731.18 "
Vermont,RICHFORD SCHOOL DISTRICT,"$505,910 ","$415,971.00 ","$921,881.00 ","$184,376.00 ","$8,779.82 "
Vermont,RICHMOND SCHOOL DISTRICT,"$20,552 ",$0.00 ,"$20,552.00 ","$4,110.00 ","$1,468.03 "
Vermont,RIPTON SCHOOL DISTRICT,$0 ,$0.00 ,$0.00 ,$0.00 ,$0.00 
Vermont,RIVENDELL INTERSTATE SCHOOL DISTRICT,"$134,630 ","$112,568.00 ","$247,198.00 ","$49,440.00 ","$5,493.30 "
Vermont,ROCHESTER SCHOOL DISTRICT,"$52,681 ","$43,111.00 ","$95,793.00 ","$19,159.00 ","$5,634.86 "
Vermont,ROCKINGHAM SCHOOL DISTRICT,"$237,066 ","$189,211.00 ","$426,276.00 ","$85,255.00 ","$5,465.08 "
Vermont,ROXBURY SCHOOL DISTRICT,$0 ,$0.00 ,$0.00 ,$0.00 ,$0.00 
Vermont,ROYALTON SCHOOL DISTRICT,"$140,483 ","$114,964.00 ","$255,447.00 ","$51,089.00 ","$5,676.60 "
Vermont,RUPERT SCHOOL DISTRICT,$0 ,$0.00 ,$0.00 ,$0.00 ,$0.00 
Vermont,RUTLAND CITY SCHOOL DISTRICT,"$1,459,661 ","$1,045,763.00 ","$2,505,423.00 ","$501,085.00 ","$6,698.99 "
Vermont,RUTLAND TOWN SCHOOL DISTRICT,"$125,850 ","$102,988.00 ","$228,838.00 ","$45,768.00 ","$5,321.81 "
Vermont,SALISBURY SCHOOL DISTRICT,$0 ,$0.00 ,$0.00 ,$0.00 ,$0.00 
Vermont,SHAFTSBURY SCHOOL DISTRICT,"$67,315 ","$55,087.00 ","$122,402.00 ","$24,480.00 ","$5,321.81 "
Vermont,SHARON SCHOOL DISTRICT,"$49,755 ","$40,716.00 ","$90,471.00 ","$18,094.00 ","$5,321.81 "
Vermont,SHELBURNE SCHOOL DISTRICT,"$49,007 ",$0.00 ,"$49,007.00 ","$9,801.00 ","$1,441.37 "
Vermont,SHELDON SCHOOL DISTRICT,"$128,776 ","$105,383.00 ","$234,160.00 ","$46,832.00 ","$5,711.21 "
Vermont,SHERBURNE SCHOOL DISTRICT,$0 ,$0.00 ,$0.00 ,$0.00 ,$0.00 
Vermont,SHOREHAM SCHOOL DISTRICT,$0 ,$0.00 ,$0.00 ,$0.00 ,$0.00 
Vermont,SOMERSET SCHOOL DISTRICT,$0 ,$0.00 ,$0.00 ,$0.00 ,$0.00 
Vermont,SOUTH BURLINGTON SCHOOL DISTRICT,"$153,827 ",$0.00 ,"$153,827.00 ","$30,765.00 ","$1,538.27 "
Vermont,SOUTH HERO SCHOOL DISTRICT,"$73,168 ","$62,272.00 ","$135,440.00 ","$27,088.00 ","$5,417.61 "
Vermont,SPAULDING UHSD 41,"$289,747 ","$232,322.00 ","$522,069.00 ","$104,414.00 ","$7,677.49 "
Vermont,SPRINGFIELD SCHOOL DISTRICT,"$547,300 ","$447,879.00 ","$995,178.00 ","$199,036.00 ","$6,143.08 "
Vermont,ST. ALBANS CITY SCHOOL DISTRICT,"$336,575 ","$253,878.00 ","$590,452.00 ","$118,090.00 ","$6,281.41 "
Vermont,ST. ALBANS TOWN SCHOOL DISTRICT,"$134,630 ","$110,173.00 ","$244,803.00 ","$48,961.00 ","$5,440.07 "
Vermont,ST. GEORGE SCHOOL DISTRICT,"$44,447 ","$35,926.00 ","$80,373.00 ","$16,075.00 ","$5,740.96 "
Vermont,ST. JOHNSBURY SCHOOL DISTRICT,"$755,715 ","$550,602.00 ","$1,306,317.00 ","$261,263.00 ","$6,803.73 "
Vermont,STAMFORD SCHOOL DISTRICT,"$29,267 ","$23,951.00 ","$53,218.00 ","$10,644.00 ","$5,321.81 "
Vermont,STARKSBORO SCHOOL DISTRICT,"$58,535 ","$45,506.00 ","$104,041.00 ","$20,808.00 ","$5,475.85 "
Vermont,STOCKBRIDGE SCHOOL DISTRICT,$0 ,$0.00 ,$0.00 ,$0.00 ,$0.00 
Vermont,STOWE SCHOOL DISTRICT,"$181,458 ","$155,680.00 ","$337,137.00 ","$67,427.00 ","$5,526.84 "
Vermont,STRAFFORD SCHOOL DISTRICT,"$58,535 ","$47,901.00 ","$106,436.00 ","$21,287.00 ","$5,321.81 "
Vermont,STRATTON SCHOOL DISTRICT,$0 ,$0.00 ,$0.00 ,$0.00 ,$0.00 
Vermont,SUDBURY SCHOOL DISTRICT,$0 ,$0.00 ,$0.00 ,$0.00 ,$0.00 
Vermont,SUNDERLAND SCHOOL DISTRICT,"$90,182 ","$68,593.00 ","$158,775.00 ","$31,755.00 ","$6,351.00 "
Vermont,SUTTON SCHOOL DISTRICT,"$148,111 ","$114,521.00 ","$262,632.00 ","$52,526.00 ","$6,565.81 "
Vermont,SWANTON SCHOOL DISTRICT,"$280,967 ","$213,162.00 ","$494,128.00 ","$98,826.00 ","$5,813.27 "
Vermont,THETFORD SCHOOL DISTRICT,"$125,850 ","$102,988.00 ","$228,838.00 ","$45,768.00 ","$5,321.81 "
Vermont,TINMOUTH SCHOOL DISTRICT,"$29,267 ","$23,951.00 ","$53,218.00 ","$10,644.00 ","$5,321.81 "
Vermont,TOWNSHEND SCHOOL DISTRICT,"$38,048 ","$26,346.00 ","$64,393.00 ","$12,879.00 ","$5,853.94 "
Vermont,TROY SCHOOL DISTRICT,"$59,943 ","$50,297.00 ","$110,240.00 ","$22,048.00 ","$5,802.11 "
Vermont,TUNBRIDGE SCHOOL DISTRICT,"$107,271 ","$76,642.00 ","$183,913.00 ","$36,783.00 ","$5,747.28 "
Vermont,TWINFIELD USD 33,"$149,264 ","$129,334.00 ","$278,598.00 ","$55,720.00 ","$5,462.70 "
Vermont,UHSD 32,"$146,337 ","$117,359.00 ","$263,695.00 ","$52,739.00 ","$5,732.51 "
Vermont,UNDERHILL ID SCHOOL DISTRICT,$0 ,$0.00 ,$0.00 ,$0.00 ,$0.00 
Vermont,UNDERHILL TOWN SCHOOL DISTRICT,"$70,242 ","$55,087.00 ","$125,328.00 ","$25,066.00 ","$5,449.06 "
Vermont,VERGENNES UESD #44,"$87,802 ","$71,852.00 ","$159,654.00 ","$31,931.00 ","$5,321.81 "
Vermont,VERGENNES UHSD 5,"$169,751 ","$143,704.00 ","$313,455.00 ","$62,691.00 ","$5,499.21 "
Vermont,VERNON SCHOOL DISTRICT,"$17,697 ",$0.00 ,"$17,697.00 ","$3,539.00 ","$1,361.30 "
Vermont,WAITS RIVER VALLEY USD#36,"$234,218 ","$174,840.00 ","$409,059.00 ","$81,812.00 ","$5,761.39 "
Vermont,WAITSFIELD SCHOOL DISTRICT,"$29,267 ","$23,951.00 ","$53,218.00 ","$10,644.00 ","$5,321.81 "
Vermont,WALDEN SCHOOL DISTRICT,"$107,951 ","$83,149.00 ","$191,100.00 ","$38,220.00 ","$6,370.00 "
Vermont,WALLINGFORD SCHOOL DISTRICT,"$33,445 ","$26,346.00 ","$59,791.00 ","$11,958.00 ","$5,435.56 "
Vermont,WARDSBORO SCHOOL DISTRICT,"$32,194 ","$28,741.00 ","$60,935.00 ","$12,187.00 ","$5,539.54 "
Vermont,WARNER'S GRANT SCHOOL DISTRICT,$0 ,$0.00 ,$0.00 ,$0.00 ,$0.00 
Vermont,WARREN SCHOOL DISTRICT,"$38,048 ","$31,136.00 ","$69,184.00 ","$13,837.00 ","$5,321.81 "
Vermont,WARREN'S GORE SCHOOL DISRRICT,$0 ,$0.00 ,$0.00 ,$0.00 ,$0.00 
Vermont,WASHINGTON SCHOOL DISTRICT,"$29,267 ","$23,951.00 ","$53,218.00 ","$10,644.00 ","$5,321.81 "
Vermont,WATERFORD SCHOOL DISTRICT,"$46,828 ","$38,321.00 ","$85,149.00 ","$17,030.00 ","$5,321.81 "
Vermont,WATERVILLE SCHOOL DISTRICT,$0 ,$0.00 ,$0.00 ,$0.00 ,$0.00 
Vermont,WEATHERSFIELD SCHOOL DISTRICT,"$108,289 ","$91,013.00 ","$199,302.00 ","$39,860.00 ","$5,536.17 "
Vermont,WELLS SCHOOL DISTRICT,"$99,364 ","$72,746.00 ","$172,110.00 ","$34,422.00 ","$5,934.83 "
Vermont,WEST HAVEN SCHOOL DISTRICT,$0 ,$0.00 ,$0.00 ,$0.00 ,$0.00 
Vermont,WEST RUTLAND SCHOOL DISTRICT,"$191,455 ","$146,099.00 ","$337,555.00 ","$67,511.00 ","$6,137.36 "
Vermont,WEST WINDSOR SCHOOL DISTRICT,"$38,048 ","$31,136.00 ","$69,184.00 ","$13,837.00 ","$5,321.81 "
Vermont,WESTFORD SCHOOL DISTRICT,"$33,327 ",$0.00 ,"$33,327.00 ","$6,665.00 ","$2,380.48 "
Vermont,WESTMINSTER SCHOOL DISTRICT,"$684,969 ","$644,231.00 ","$1,329,200.00 ","$265,840.00 ","$34,978.95 "
Vermont,WESTMORE SCHOOL DISTRICT,$0 ,$0.00 ,$0.00 ,$0.00 ,$0.00 
Vermont,WEYBRIDGE SCHOOL DISTRICT,$0 ,$0.00 ,$0.00 ,$0.00 ,$0.00 
Vermont,WHITING SCHOOL DISTRICT,$0 ,$0.00 ,$0.00 ,$0.00 ,$0.00 
Vermont,WHITINGHAM SCHOOL DISTRICT,"$40,974 ","$31,136.00 ","$72,110.00 ","$14,422.00 ","$5,546.94 "
Vermont,WHITINGHAM/WILMINGTON JOINT CONTRACT SCHOOL DISTRICT,"$87,802 ","$71,852.00 ","$159,654.00 ","$31,931.00 ","$5,321.81 "
Vermont,WILLIAMSTOWN SCHOOL DISTRICT,"$175,604 ","$136,519.00 ","$312,123.00 ","$62,425.00 ","$5,573.63 "
Vermont,WILLISTON SCHOOL DISTRICT,"$58,363 ",$0.00 ,"$58,363.00 ","$11,673.00 ","$1,768.56 "
Vermont,WILMINGTON SCHOOL DISTRICT,"$63,837 ","$45,728.00 ","$109,564.00 ","$21,913.00 ","$5,766.54 "
Vermont,WINDSOR SCHOOL DISTRICT,"$261,912 ","$244,992.00 ","$506,904.00 ","$101,381.00 ","$6,943.89 "
Vermont,WINHALL SCHOOL DISTRICT,$0 ,$0.00 ,$0.00 ,$0.00 ,$0.00 
Vermont,WINOOSKI ID SCHOOL DISTRICT,"$584,428 ","$451,599.00 ","$1,036,028.00 ","$207,206.00 ","$7,047.81 "
Vermont,WOLCOTT SCHOOL DISTRICT,"$252,495 ","$172,978.00 ","$425,473.00 ","$85,095.00 ","$7,335.74 "
Vermont,WOODBURY SCHOOL DISTRICT,$0 ,$0.00 ,$0.00 ,$0.00 ,$0.00 
Vermont,WOODFORD SCHOOL DISTRICT,$0 ,$0.00 ,$0.00 ,$0.00 ,$0.00 
Vermont,WOODSTOCK SCHOOL DISTRICT,"$84,875 ","$67,062.00 ","$151,937.00 ","$30,387.00 ","$5,426.34 "
Vermont,WOODSTOCK UHSD 4,"$34,032 ","$64,667.00 ","$98,699.00 ","$19,740.00 ","$3,947.98 "
Vermont,WORCESTER SCHOOL DISTRICT,$0 ,$0.00 ,$0.00 ,$0.00 ,$0.00 
Vermont,PART D SUBPART 2,"$45,909 ","$14,300.00 ","$60,209.00 ","$12,042.00 ",$0.00 
Vermont,BLUE MOUNTAIN USD 21,"$125,850 ","$100,593.00 ","$226,443.00 ","$45,289.00 ","$5,391.49 "
